{
	"credit": "Created by Stridey",
	"parent": "item/lantern",
	"textures": {
		"lantern": "block/copper_lantern",
		"wax": "block/wax"
	},
	"elements": [
		{
			"from": [5, 0, 5],
			"to": [11, 7, 11],
			"faces": {
				"north": {"uv": [0, 2, 6, 9], "texture": "#lantern"},
				"east": {"uv": [0, 2, 6, 9], "texture": "#lantern"},
				"south": {"uv": [0, 2, 6, 9], "texture": "#lantern"},
				"west": {"uv": [0, 2, 6, 9], "texture": "#lantern"},
				"up": {"uv": [0, 9, 6, 15], "texture": "#lantern"},
				"down": {"uv": [0, 9, 6, 15], "texture": "#lantern"}
			}
		},
		{
			"from": [11.5, -0.5, 4.5],
			"to": [4.5, 7.5, 11.5],
			"rotation": {"angle": 0, "axis": "y", "origin": [6.5, -0.5, -0.5]},
			"faces": {
				"north": {"uv": [4, 4, 12, 13], "texture": "#wax"},
				"east": {"uv": [4, 4, 12, 13], "texture": "#wax"},
				"south": {"uv": [4, 4, 12, 13], "texture": "#wax"},
				"west": {"uv": [4, 4, 12, 13], "texture": "#wax"},
				"down": {"uv": [4, 4, 12, 12], "texture": "#wax"}
			}
		},
		{
			"from": [6, 7, 6],
			"to": [10, 9, 10],
			"faces": {
				"north": {"uv": [1, 0, 5, 2], "texture": "#lantern"},
				"east": {"uv": [1, 0, 5, 2], "texture": "#lantern"},
				"south": {"uv": [1, 0, 5, 2], "texture": "#lantern"},
				"west": {"uv": [1, 0, 5, 2], "texture": "#lantern"},
				"up": {"uv": [1, 10, 5, 14], "texture": "#lantern"}
			}
		},
		{
			"from": [10.75, 7, 5.25],
			"to": [5.25, 10.5, 10.75],
			"rotation": {"angle": 0, "axis": "y", "origin": [5.75, 0, -0.75]},
			"faces": {
				"north": {"uv": [5, 0, 10, 4], "texture": "#wax"},
				"east": {"uv": [5, 0, 10, 4], "texture": "#wax"},
				"south": {"uv": [5, 0, 10, 4], "texture": "#wax"},
				"west": {"uv": [5, 0, 10, 4], "texture": "#wax"},
				"up": {"uv": [6, 5, 11, 10], "texture": "#wax"}
			}
		},
		{
			"from": [0, 9, 9.8],
			"to": [3, 11, 9.8],
			"rotation": {"angle": 45, "axis": "y", "origin": [2.5, 0.5, 1]},
			"faces": {
				"north": {"uv": [11, 10, 14, 12], "texture": "#lantern"},
				"south": {"uv": [11, 10, 14, 12], "texture": "#lantern"}
			}
		},
		{
			"from": [10, 9, 2],
			"to": [13, 11, 2],
			"rotation": {"angle": -45, "axis": "y", "origin": [2.5, 0.5, 1]},
			"faces": {
				"north": {"uv": [11, 10, 14, 12], "texture": "#lantern"},
				"south": {"uv": [11, 10, 14, 12], "texture": "#lantern"}
			}
		}
	]
}